{
	"fixed": {
		"folder": "places/folder",
		"unknown": "mime/unknown"
	},
	"absolute": {
		"inherit": false,
		"C:/trash": "places/trash-full",
		"C:/system": "places/folder-sys",
		"C:/system/wupd": "places/folder",
		"C:/system/wupd/rootfs.sys": "mime/w96-update",
		"C:/system/wupd/sys_dl.lock": "mime/w96-update",
		"W:/system": "places/folder-sys",
		"W:/system/libraries/kernel/sys-base/kernel.js": "misc/unexplainable",
		"C:/user": "places/folder-user",
		"C:/user/appdata": "places/library",
		"C:/user/documents": "places/documents",
		"C:/user/desktop": "places/desktop",
		"C:/user/links": "places/folder-links",
		"C:/system/programs": "places/folder-prgm",
		"C:/system/local": "places/folder-sys"
	},
	"assoc": {
		"inherit": false,
		".sys": "mime/binary",
		".txt": "mime/text",
		".html": "mime/html",
		".c": "mime/code-c",
		".h": "mime/code-h",
		".css": "mime/css",
		".obj": "mime/object",
		".js": "mime/js",
		".md": "mime/rtf",
		".bmp": "mime/image-bmp",
		".png": "mime/image-png",
		".jpg": "mime/image-jpg",
		".mp3": "mime/audio-music",
		".flac": "mime/audio-music",
		".ogg": "mime/audio-music",
		".mp4": "mime/video",
		".webm": "mime/video",
		".mov": "mime/video",
		".lnk": "mime/unknown",
		".ttf": "mime/ttf",
		".otf": "mime/otf",
		".url": "mime/url",
		".zip": "mime/zip",
		".flv": "mime/superplayer-swf",
		".img": "devices/disk-image",
		".vhd": "devices/disk-image",
		".json": "mime/config",
		".ini": "mime/config",
		".inf": "mime/config",
		".nes": "mime/nes-rom",
		".wat": "mime/library",
		".wasm": "mime/library",
		".wast": "mime/library",
		".iso": "mime/disk-image",
		".exe": "mime/executable",
		".wex": "mime/executable",
		".swf": "mime/superplayer-swf",
		".cbg": "mime/theme-cbg",
		".gif": "mime/unknown",
		".dwp": "mime/dynamic-wallpaper",
		".avif": "mime/unknown",
		".jxl": "mime/image-jpg",
		".bin": "mime/unknown",
		".pdf": "mime/pdf",
		".sh": "mime/code",
		".perl": "mime/code",
		".py": "mime/python",
		".pyc": "mime/python",
		".pyo": "mime/python",
		".pyd": "mime/python",
		"vmlinux": "misc/linux",
		"vmlinuz": "misc/linux",
		"bzImage": "misc/linux",
		"zImage": "misc/linux",
		"NTLDR": "misc/unexplainable",
		"bootmgr": "misc/unexplainable",
		".vhd": "devices/disk-image",
		".qcow2": "devices/disk-image",
		".vdi": "devices/disk-image",
		".wim": "devices/disk-image",
		".sdi": "devices/disk-image",
		".not": "apps/sticky",
		".ts": "mime/code",
		".wmx": "apps/vm",
		".wms": "devices/memory",
		".apk": "mime/android-package",
		".svg": "mime/svg",
		".mod": "mime/audio-music",
		".xm": "mime/audio-music",
		".scs": "mime/scm",
		".scm": "mime/scm",
		".sl": "apps/syslog",
		".flp": "mime/disk-image"
	},
	"named": {
		"inherit": false,
		"exec": "mime/executable",
		"info": "status/info",
		"devices/hdd-ro": "devices/hdd-lock",
		"devices/hdd-encrypted": "devices/hdd-lock",
		"devices/hdd-rw": "devices/hdd",
		"apps/p3fs": "devices/hdd-connected",
		"apps/p3fs/icon": "devices/hdd-connected",
		"apps/run": "mime/executable",
		"misc/run": "mime/executable",
		"apps/devcfg": "devices/iphone",
		"apps/stormgr": "devices/hdd",
		"objects/tools": "apps/flags",
		"apps/bsod": "devices/computer"
	}
}