<sounds>
  <actions>
    <action>
      <name>Select</name>
      <file>snd_buttonselect.wav</file>
    </action>
    <action>
      <name>ParentDir</name>
      <file>snd_buttonback.wav</file>
    </action>
    <action>
      <name>PreviousMenu</name>
      <file>snd_buttonback.wav</file>
    </action>
    <action>
      <name>screenshot</name>
      <file>NotifyPopup.wav</file>
    </action>
  </actions>
  <windows>
    <window>
      <name>InfoDialog</name>
      <activate>NotifyPopup.wav</activate>
    </window>
  </windows>
</sounds>
