{"name":"dwppack","friendlyName":"Extra Dynamic Wallpapers","description":"Some more dynamic wallpapers for your installation.","author":"egg.l5.ca","category":"other","version":1,"installedSize":45400000,"downloadSize":40900000,"feature_requirements":[],"min_os_version":300000,"max_os_version":999999999,"depends":[],"iconFiles":{"32x32":"https://egg.l5.ca/w96/dist/d/dwppack/icon32.png"},"repo":"https://egg.l5.ca/w96","repoIndex":2,"repoId":"main","readmeFile":"https://egg.l5.ca/w96/dist/d/dwppack/README.html","packageRoot":"https://egg.l5.ca/w96/dist/d/dwppack","zKeys":["README.txt","scripts/","scripts/install.js","scripts/repair.js","scripts/uninstall.js","unpack/","unpack/root/","unpack/root/local/","unpack/root/local/dwppack/","unpack/root/local/dwppack/bliss/","unpack/root/local/dwppack/bliss/bliss.mp4","unpack/root/local/dwppack/bliss/index.html","unpack/root/local/dwppack/leaves/","unpack/root/local/dwppack/leaves/index.html","unpack/root/local/dwppack/leaves/leaves.mp4","unpack/root/local/dwppack/portal/","unpack/root/local/dwppack/portal/index.html","unpack/root/local/dwppack/portal/portal.mp4","unpack/root/local/dwppack/vista/","unpack/root/local/dwppack/vista/dreamscene.mp4","unpack/root/local/dwppack/vista/index.html","unpack/root/local/dwppack/water/","unpack/root/local/dwppack/water/index.html","unpack/root/local/dwppack/water/water.mp4","unpack/root/local/dwppack/windows/","unpack/root/local/dwppack/windows/index.html","unpack/root/local/dwppack/windows/windows.mp4","unpack/root/system/","unpack/root/system/wallpapers/","unpack/root/system/wallpapers/dynamic/","unpack/root/system/wallpapers/dynamic/bliss.dwp","unpack/root/system/wallpapers/dynamic/leaves.dwp","unpack/root/system/wallpapers/dynamic/portal.dwp","unpack/root/system/wallpapers/dynamic/vista.dwp","unpack/root/system/wallpapers/dynamic/water.dwp","unpack/root/system/wallpapers/dynamic/windows.dwp"]}