{"name":"micro96","friendlyName":"Micro96","description":"The incredibly small Windows 96 distribution!","author":"egg.l5.ca","category":"system","version":1,"installedSize":184000,"downloadSize":74100,"feature_requirements":[],"min_os_version":300000,"max_os_version":999999999,"depends":[],"iconFiles":{"32x32":"https://egg.l5.ca/w96/dist/m/micro96/icon32.png"},"repo":"https://egg.l5.ca/w96","repoIndex":2,"repoId":"main","readmeFile":"https://egg.l5.ca/w96/dist/m/micro96/README.html","packageRoot":"https://egg.l5.ca/w96/dist/m/micro96","zKeys":["README.txt","scripts/","scripts/install.js","scripts/repair.js","scripts/uninstall.js","unpack/","unpack/root/","unpack/root/local/","unpack/root/local/micro96/","unpack/root/local/micro96/bin/","unpack/root/local/micro96/bin/Micro96Installer","unpack/root/local/micro96/bin/Micro96ShellInstaller","unpack/root/local/micro96/data/","unpack/root/local/micro96/data/Banner.png","unpack/root/local/micro96/data/Micro96.zip","unpack/root/local/micro96/data/Micro96Shell.zip","unpack/root/local/micro96/README.txt","unpack/root/system/","unpack/root/system/programs/","unpack/root/system/programs/Micro96/","unpack/root/system/programs/Micro96/Install Micro96 (with Shell36).link","unpack/root/system/programs/Micro96/Install Micro96.link"]}