{"name":"nesbootlegpack","friendlyName":"NES Bootleg Pack","description":"GRAND DAD! FLEENTSTONES???","author":"Various, repacked by egg.l5.ca","category":"entertainment","version":1,"installedSize":1400000,"downloadSize":486000,"feature_requirements":[],"min_os_version":300000,"max_os_version":999999999,"depends":[],"iconFiles":{"32x32":"https://egg.l5.ca/w96/dist/n/nesbootlegs/icon32.png"},"repo":"https://egg.l5.ca/w96","repoIndex":2,"repoId":"main","readmeFile":"https://egg.l5.ca/w96/dist/n/nesbootlegs/README.html","packageRoot":"https://egg.l5.ca/w96/dist/n/nesbootlegs","zKeys":["README.txt","scripts/","scripts/install.js","scripts/repair.js","scripts/uninstall.js","unpack/","unpack/root/","unpack/root/local/","unpack/root/local/nesbootlegs/","unpack/root/local/nesbootlegs/data/","unpack/root/local/nesbootlegs/data/7_GRAND_DAD.nes","unpack/root/local/nesbootlegs/data/angrybirds3.nes","unpack/root/local/nesbootlegs/data/indianajones.nes","unpack/root/local/nesbootlegs/data/pvz.nes","unpack/root/local/nesbootlegs/data/Somari.nes","unpack/root/local/nesbootlegs/granddad.png","unpack/root/system/","unpack/root/system/programs/","unpack/root/system/programs/Entertainment/","unpack/root/system/programs/Entertainment/NES Bootleg Pack/","unpack/root/system/programs/Entertainment/NES Bootleg Pack/7 Grand Dad.link","unpack/root/system/programs/Entertainment/NES Bootleg Pack/Angry Birds.link","unpack/root/system/programs/Entertainment/NES Bootleg Pack/Indiana Jones and the Temple of Doom.link","unpack/root/system/programs/Entertainment/NES Bootleg Pack/Plants vs Zombies.link","unpack/root/system/programs/Entertainment/NES Bootleg Pack/Somari.link"]}