{"name":"sysboxplus","friendlyName":"Sysbox Plus!","description":"A modification of Sysbox with added functionality.","author":"egg.l5.ca","category":"development","version":1.2,"installedSize":292000,"downloadSize":240000,"feature_requirements":[],"min_os_version":300000,"max_os_version":999999999,"depends":[],"iconFiles":{"32x32":"https://egg.l5.ca/w96/dist/s/sysboxplus/icon32.png"},"repo":"https://egg.l5.ca/w96","repoIndex":2,"repoId":"main","readmeFile":"https://egg.l5.ca/w96/dist/s/sysboxplus/README.html","packageRoot":"https://egg.l5.ca/w96/dist/s/sysboxplus","zKeys":["README.txt","scripts/","scripts/install.js","scripts/repair.js","scripts/uninstall.js","unpack/","unpack/root/","unpack/root/local/","unpack/root/local/sysbox/","unpack/root/local/sysbox/addons/","unpack/root/local/sysbox/addons/README.txt","unpack/root/local/sysbox/sbxp_rootfs.zip","unpack/root/local/sysbox/sysboxplus","unpack/root/local/sysbox/sysboxplus.md","unpack/root/system/","unpack/root/system/programs/","unpack/root/system/programs/Developer/","unpack/root/system/programs/Developer/Sysbox Plus!.link"]}