{"name":"win10","friendlyName":"Windows 10 Wallpaper Pack","description":"All the wallpapers from Windows 10!","author":"Microsoft","category":"other","version":1,"installedSize":3800000,"downloadSize":3770000,"feature_requirements":[],"min_os_version":300000,"max_os_version":999999999,"depends":[],"iconFiles":{"32x32":"https://egg.l5.ca/w96/dist/w/win10/icon32.png"},"repo":"https://egg.l5.ca/w96","repoIndex":2,"repoId":"main","readmeFile":"https://egg.l5.ca/w96/dist/w/win10/README.html","packageRoot":"https://egg.l5.ca/w96/dist/w/win10","zKeys":["README.txt","scripts/","scripts/install.js","scripts/repair.js","scripts/uninstall.js","unpack/","unpack/root/","unpack/root/system/","unpack/root/system/wallpapers/","unpack/root/system/wallpapers/Img0_(Windows_10).jpg","unpack/root/system/wallpapers/Img0_(Windows_10_1903).jpg","unpack/root/system/wallpapers/Img100_(Windows_10).jpg","unpack/root/system/wallpapers/Img101_(Windows_10).png","unpack/root/system/wallpapers/Img102_(Windows_10).jpg","unpack/root/system/wallpapers/Img103_(Windows_10).png","unpack/root/system/wallpapers/Img104_(Windows_10).jpg","unpack/root/system/wallpapers/Img13_(Windows_10).jpg","unpack/root/system/wallpapers/Img1_(Windows_10).jpg","unpack/root/system/wallpapers/Img2_(Windows_10).jpg","unpack/root/system/wallpapers/Img3_(Windows_10).jpg","unpack/root/system/wallpapers/Img4_(Windows_10).jpg"]}