{"name":"win7icons","friendlyName":"Windows 7 Icons","description":"An icon pack based off windows 7","author":"Microsoft","category":"other","version":1,"installedSize":748000,"downloadSize":344000,"feature_requirements":[],"min_os_version":300000,"max_os_version":999999999,"depends":[],"iconFiles":{"32x32":"https://egg.l5.ca/w96/dist/w/win7icons/icon32.png"},"repo":"https://egg.l5.ca/w96","repoIndex":2,"repoId":"main","readmeFile":"https://egg.l5.ca/w96/dist/w/win7icons/README.html","packageRoot":"https://egg.l5.ca/w96/dist/w/win7icons","zKeys":["README.txt","scripts/","scripts/install.js","scripts/repair.js","scripts/uninstall.js","unpack/","unpack/root/","unpack/root/system/","unpack/root/system/resource/","unpack/root/system/resource/icons/","unpack/root/system/resource/icons/windows7/","unpack/root/system/resource/icons/windows7/16x16/","unpack/root/system/resource/icons/windows7/16x16/apps/","unpack/root/system/resource/icons/windows7/16x16/apps/about.png","unpack/root/system/resource/icons/windows7/16x16/apps/backupmgr.png","unpack/root/system/resource/icons/windows7/16x16/apps/devmgr.png","unpack/root/system/resource/icons/windows7/16x16/apps/dynwp.png","unpack/root/system/resource/icons/windows7/16x16/apps/effects.png","unpack/root/system/resource/icons/windows7/16x16/apps/flags.png","unpack/root/system/resource/icons/windows7/16x16/apps/gltest.png","unpack/root/system/resource/icons/windows7/16x16/apps/iexploder.png","unpack/root/system/resource/icons/windows7/16x16/apps/laf.png","unpack/root/system/resource/icons/windows7/16x16/apps/notron.png","unpack/root/system/resource/icons/windows7/16x16/apps/p3.png","unpack/root/system/resource/icons/windows7/16x16/apps/p3fs.png","unpack/root/system/resource/icons/windows7/16x16/apps/pkmgr.png","unpack/root/system/resource/icons/windows7/16x16/apps/registry.png","unpack/root/system/resource/icons/windows7/16x16/apps/settings.png","unpack/root/system/resource/icons/windows7/16x16/apps/syslog.png","unpack/root/system/resource/icons/windows7/16x16/apps/taskmgr.png","unpack/root/system/resource/icons/windows7/16x16/apps/terminal.png","unpack/root/system/resource/icons/windows7/16x16/apps/textpad.png","unpack/root/system/resource/icons/windows7/16x16/apps/tips.png","unpack/root/system/resource/icons/windows7/16x16/apps/touchcfg.png","unpack/root/system/resource/icons/windows7/16x16/apps/uam.png","unpack/root/system/resource/icons/windows7/16x16/apps/updater.png","unpack/root/system/resource/icons/windows7/16x16/apps/uploader.png","unpack/root/system/resource/icons/windows7/16x16/apps/wm.png","unpack/root/system/resource/icons/windows7/16x16/devices/","unpack/root/system/resource/icons/windows7/16x16/devices/computer.png","unpack/root/system/resource/icons/windows7/16x16/devices/hdd-connected.png","unpack/root/system/resource/icons/windows7/16x16/devices/hdd-lock.png","unpack/root/system/resource/icons/windows7/16x16/devices/hdd.png","unpack/root/system/resource/icons/windows7/16x16/devices/iphone.png","unpack/root/system/resource/icons/windows7/16x16/devices/memory.png","unpack/root/system/resource/icons/windows7/16x16/devices/removable.png","unpack/root/system/resource/icons/windows7/16x16/mime/","unpack/root/system/resource/icons/windows7/16x16/mime/audio-music.png","unpack/root/system/resource/icons/windows7/16x16/mime/code-c.png","unpack/root/system/resource/icons/windows7/16x16/mime/code-h.png","unpack/root/system/resource/icons/windows7/16x16/mime/code.png","unpack/root/system/resource/icons/windows7/16x16/mime/config.png","unpack/root/system/resource/icons/windows7/16x16/mime/css.png","unpack/root/system/resource/icons/windows7/16x16/mime/disk-image.png","unpack/root/system/resource/icons/windows7/16x16/mime/executable.png","unpack/root/system/resource/icons/windows7/16x16/mime/html.png","unpack/root/system/resource/icons/windows7/16x16/mime/image-bmp.png","unpack/root/system/resource/icons/windows7/16x16/mime/image-jpg.png","unpack/root/system/resource/icons/windows7/16x16/mime/image-png.png","unpack/root/system/resource/icons/windows7/16x16/mime/js.png","unpack/root/system/resource/icons/windows7/16x16/mime/library.png","unpack/root/system/resource/icons/windows7/16x16/mime/ms-batch.png","unpack/root/system/resource/icons/windows7/16x16/mime/pdf.png","unpack/root/system/resource/icons/windows7/16x16/mime/python.png","unpack/root/system/resource/icons/windows7/16x16/mime/rtf.png","unpack/root/system/resource/icons/windows7/16x16/mime/text.png","unpack/root/system/resource/icons/windows7/16x16/mime/ttf.png","unpack/root/system/resource/icons/windows7/16x16/mime/unknown.png","unpack/root/system/resource/icons/windows7/16x16/mime/url.png","unpack/root/system/resource/icons/windows7/16x16/mime/video.png","unpack/root/system/resource/icons/windows7/16x16/mime/zip.png","unpack/root/system/resource/icons/windows7/16x16/misc/","unpack/root/system/resource/icons/windows7/16x16/misc/unexplainable.tiff","unpack/root/system/resource/icons/windows7/16x16/objects/","unpack/root/system/resource/icons/windows7/16x16/objects/keys.png","unpack/root/system/resource/icons/windows7/16x16/objects/object-class.png","unpack/root/system/resource/icons/windows7/16x16/places/","unpack/root/system/resource/icons/windows7/16x16/places/desktop.png","unpack/root/system/resource/icons/windows7/16x16/places/documents.png","unpack/root/system/resource/icons/windows7/16x16/places/folder-linked.png","unpack/root/system/resource/icons/windows7/16x16/places/folder-locked.png","unpack/root/system/resource/icons/windows7/16x16/places/folder-noentry.png","unpack/root/system/resource/icons/windows7/16x16/places/folder-open.png","unpack/root/system/resource/icons/windows7/16x16/places/folder-prgm.png","unpack/root/system/resource/icons/windows7/16x16/places/folder-sys.png","unpack/root/system/resource/icons/windows7/16x16/places/folder-user.png","unpack/root/system/resource/icons/windows7/16x16/places/folder.png","unpack/root/system/resource/icons/windows7/16x16/places/library.png","unpack/root/system/resource/icons/windows7/16x16/places/trash-full.png","unpack/root/system/resource/icons/windows7/16x16/places/trash.png","unpack/root/system/resource/icons/windows7/16x16/status/","unpack/root/system/resource/icons/windows7/16x16/status/error.png","unpack/root/system/resource/icons/windows7/16x16/status/info.png","unpack/root/system/resource/icons/windows7/16x16/status/question.png","unpack/root/system/resource/icons/windows7/16x16/status/warning.png","unpack/root/system/resource/icons/windows7/24x24/","unpack/root/system/resource/icons/windows7/24x24/apps/","unpack/root/system/resource/icons/windows7/24x24/apps/about.png","unpack/root/system/resource/icons/windows7/24x24/apps/backupmgr.png","unpack/root/system/resource/icons/windows7/24x24/apps/devmgr.png","unpack/root/system/resource/icons/windows7/24x24/apps/dynwp.png","unpack/root/system/resource/icons/windows7/24x24/apps/effects.png","unpack/root/system/resource/icons/windows7/24x24/apps/flags.png","unpack/root/system/resource/icons/windows7/24x24/apps/gltest.png","unpack/root/system/resource/icons/windows7/24x24/apps/iexploder.png","unpack/root/system/resource/icons/windows7/24x24/apps/laf.png","unpack/root/system/resource/icons/windows7/24x24/apps/notron.png","unpack/root/system/resource/icons/windows7/24x24/apps/p3.png","unpack/root/system/resource/icons/windows7/24x24/apps/p3fs.png","unpack/root/system/resource/icons/windows7/24x24/apps/pkmgr.png","unpack/root/system/resource/icons/windows7/24x24/apps/registry.png","unpack/root/system/resource/icons/windows7/24x24/apps/settings.png","unpack/root/system/resource/icons/windows7/24x24/apps/syslog.png","unpack/root/system/resource/icons/windows7/24x24/apps/taskmgr.png","unpack/root/system/resource/icons/windows7/24x24/apps/terminal.png","unpack/root/system/resource/icons/windows7/24x24/apps/textpad.png","unpack/root/system/resource/icons/windows7/24x24/apps/tips.png","unpack/root/system/resource/icons/windows7/24x24/apps/touchcfg.png","unpack/root/system/resource/icons/windows7/24x24/apps/uam.png","unpack/root/system/resource/icons/windows7/24x24/apps/updater.png","unpack/root/system/resource/icons/windows7/24x24/apps/uploader.png","unpack/root/system/resource/icons/windows7/24x24/apps/wm.png","unpack/root/system/resource/icons/windows7/24x24/mime/","unpack/root/system/resource/icons/windows7/24x24/mime/audio-music.png","unpack/root/system/resource/icons/windows7/24x24/mime/code-c.png","unpack/root/system/resource/icons/windows7/24x24/mime/code-h.png","unpack/root/system/resource/icons/windows7/24x24/mime/code.png","unpack/root/system/resource/icons/windows7/24x24/mime/config.png","unpack/root/system/resource/icons/windows7/24x24/mime/css.png","unpack/root/system/resource/icons/windows7/24x24/mime/disk-image.png","unpack/root/system/resource/icons/windows7/24x24/mime/executable.png","unpack/root/system/resource/icons/windows7/24x24/mime/html.png","unpack/root/system/resource/icons/windows7/24x24/mime/image-bmp.png","unpack/root/system/resource/icons/windows7/24x24/mime/image-jpg.png","unpack/root/system/resource/icons/windows7/24x24/mime/image-png.png","unpack/root/system/resource/icons/windows7/24x24/mime/js.png","unpack/root/system/resource/icons/windows7/24x24/mime/library.png","unpack/root/system/resource/icons/windows7/24x24/mime/ms-batch.png","unpack/root/system/resource/icons/windows7/24x24/mime/pdf.png","unpack/root/system/resource/icons/windows7/24x24/mime/python.png","unpack/root/system/resource/icons/windows7/24x24/mime/rtf.png","unpack/root/system/resource/icons/windows7/24x24/mime/text.png","unpack/root/system/resource/icons/windows7/24x24/mime/ttf.png","unpack/root/system/resource/icons/windows7/24x24/mime/unknown.png","unpack/root/system/resource/icons/windows7/24x24/mime/url.png","unpack/root/system/resource/icons/windows7/24x24/mime/video.png","unpack/root/system/resource/icons/windows7/24x24/mime/zip.png","unpack/root/system/resource/icons/windows7/24x24/places/","unpack/root/system/resource/icons/windows7/24x24/places/desktop.png","unpack/root/system/resource/icons/windows7/24x24/places/documents.png","unpack/root/system/resource/icons/windows7/24x24/places/folder-links.png","unpack/root/system/resource/icons/windows7/24x24/places/folder-locked.png","unpack/root/system/resource/icons/windows7/24x24/places/folder-noentry.png","unpack/root/system/resource/icons/windows7/24x24/places/folder-open.png","unpack/root/system/resource/icons/windows7/24x24/places/folder-programs.png","unpack/root/system/resource/icons/windows7/24x24/places/folder-sys.png","unpack/root/system/resource/icons/windows7/24x24/places/folder-user.png","unpack/root/system/resource/icons/windows7/24x24/places/folder.png","unpack/root/system/resource/icons/windows7/24x24/places/library.png","unpack/root/system/resource/icons/windows7/24x24/places/trash-full.png","unpack/root/system/resource/icons/windows7/24x24/places/trash.png","unpack/root/system/resource/icons/windows7/32x32/","unpack/root/system/resource/icons/windows7/32x32/apps/","unpack/root/system/resource/icons/windows7/32x32/apps/backupmgr.png","unpack/root/system/resource/icons/windows7/32x32/apps/devmgr.png","unpack/root/system/resource/icons/windows7/32x32/apps/dynwp.png","unpack/root/system/resource/icons/windows7/32x32/apps/effects.png","unpack/root/system/resource/icons/windows7/32x32/apps/flags.png","unpack/root/system/resource/icons/windows7/32x32/apps/gltest.png","unpack/root/system/resource/icons/windows7/32x32/apps/iexploder.png","unpack/root/system/resource/icons/windows7/32x32/apps/laf.png","unpack/root/system/resource/icons/windows7/32x32/apps/notron.png","unpack/root/system/resource/icons/windows7/32x32/apps/p3.png","unpack/root/system/resource/icons/windows7/32x32/apps/p3fs.png","unpack/root/system/resource/icons/windows7/32x32/apps/pkmgr.png","unpack/root/system/resource/icons/windows7/32x32/apps/registry.png","unpack/root/system/resource/icons/windows7/32x32/apps/settings.png","unpack/root/system/resource/icons/windows7/32x32/apps/syslog.png","unpack/root/system/resource/icons/windows7/32x32/apps/taskmgr.png","unpack/root/system/resource/icons/windows7/32x32/apps/terminal.png","unpack/root/system/resource/icons/windows7/32x32/apps/textpad.png","unpack/root/system/resource/icons/windows7/32x32/apps/tips.png","unpack/root/system/resource/icons/windows7/32x32/apps/uam.png","unpack/root/system/resource/icons/windows7/32x32/apps/updater.png","unpack/root/system/resource/icons/windows7/32x32/apps/uploader.png","unpack/root/system/resource/icons/windows7/32x32/apps/wm.png","unpack/root/system/resource/icons/windows7/32x32/devices/","unpack/root/system/resource/icons/windows7/32x32/devices/computer.png","unpack/root/system/resource/icons/windows7/32x32/devices/hdd-connected.png","unpack/root/system/resource/icons/windows7/32x32/devices/hdd-lock.png","unpack/root/system/resource/icons/windows7/32x32/devices/hdd.png","unpack/root/system/resource/icons/windows7/32x32/devices/iphone.png","unpack/root/system/resource/icons/windows7/32x32/devices/memory.png","unpack/root/system/resource/icons/windows7/32x32/devices/removable.png","unpack/root/system/resource/icons/windows7/32x32/mime/","unpack/root/system/resource/icons/windows7/32x32/mime/audio-music.png","unpack/root/system/resource/icons/windows7/32x32/mime/code-c.png","unpack/root/system/resource/icons/windows7/32x32/mime/code-h.png","unpack/root/system/resource/icons/windows7/32x32/mime/code.png","unpack/root/system/resource/icons/windows7/32x32/mime/config.png","unpack/root/system/resource/icons/windows7/32x32/mime/css.png","unpack/root/system/resource/icons/windows7/32x32/mime/disk-image.png","unpack/root/system/resource/icons/windows7/32x32/mime/executable.png","unpack/root/system/resource/icons/windows7/32x32/mime/html.png","unpack/root/system/resource/icons/windows7/32x32/mime/image-bmp.png","unpack/root/system/resource/icons/windows7/32x32/mime/image-jpg.png","unpack/root/system/resource/icons/windows7/32x32/mime/image-png.png","unpack/root/system/resource/icons/windows7/32x32/mime/js.png","unpack/root/system/resource/icons/windows7/32x32/mime/library.png","unpack/root/system/resource/icons/windows7/32x32/mime/ms-batch.png","unpack/root/system/resource/icons/windows7/32x32/mime/pdf.png","unpack/root/system/resource/icons/windows7/32x32/mime/python.png","unpack/root/system/resource/icons/windows7/32x32/mime/rtf.png","unpack/root/system/resource/icons/windows7/32x32/mime/text.png","unpack/root/system/resource/icons/windows7/32x32/mime/ttf.png","unpack/root/system/resource/icons/windows7/32x32/mime/unknown.png","unpack/root/system/resource/icons/windows7/32x32/mime/url.png","unpack/root/system/resource/icons/windows7/32x32/mime/video.png","unpack/root/system/resource/icons/windows7/32x32/mime/zip.png","unpack/root/system/resource/icons/windows7/32x32/misc/","unpack/root/system/resource/icons/windows7/32x32/misc/shortcut-emblem.png","unpack/root/system/resource/icons/windows7/32x32/misc/unexplainable.png","unpack/root/system/resource/icons/windows7/32x32/objects/","unpack/root/system/resource/icons/windows7/32x32/objects/keys.png","unpack/root/system/resource/icons/windows7/32x32/objects/object-class.png","unpack/root/system/resource/icons/windows7/32x32/places/","unpack/root/system/resource/icons/windows7/32x32/places/desktop.png","unpack/root/system/resource/icons/windows7/32x32/places/documents.png","unpack/root/system/resource/icons/windows7/32x32/places/folder-links.png","unpack/root/system/resource/icons/windows7/32x32/places/folder-locked.png","unpack/root/system/resource/icons/windows7/32x32/places/folder-noentry.png","unpack/root/system/resource/icons/windows7/32x32/places/folder-open.png","unpack/root/system/resource/icons/windows7/32x32/places/folder-prgm.png","unpack/root/system/resource/icons/windows7/32x32/places/folder-sys.png","unpack/root/system/resource/icons/windows7/32x32/places/folder-user.png","unpack/root/system/resource/icons/windows7/32x32/places/folder.png","unpack/root/system/resource/icons/windows7/32x32/places/library.png","unpack/root/system/resource/icons/windows7/32x32/places/trash-full.png","unpack/root/system/resource/icons/windows7/32x32/places/trash.png","unpack/root/system/resource/icons/windows7/32x32/status/","unpack/root/system/resource/icons/windows7/32x32/status/error.png","unpack/root/system/resource/icons/windows7/32x32/status/info.png","unpack/root/system/resource/icons/windows7/32x32/status/question.png","unpack/root/system/resource/icons/windows7/32x32/status/warning.png","unpack/root/system/resource/icons/windows7/iconmap.json","unpack/root/system/resource/icons/windows7/manifest.json","unpack/root/system/resource/icons/windows7/README.txt","unpack/root/system/resource/themes/","unpack/root/system/resource/themes/win7/","unpack/root/system/resource/themes/win7/manifest.json"]}