{"name":"win7","friendlyName":"Windows 7 Wallpaper Pack","description":"All the wallpapers from Windows 7!","author":"Microsoft","category":"other","version":1,"installedSize":6480000,"downloadSize":6340000,"feature_requirements":[],"min_os_version":300000,"max_os_version":999999999,"depends":[],"iconFiles":{"32x32":"https://egg.l5.ca/w96/dist/w/win7/icon32.png"},"repo":"https://egg.l5.ca/w96","repoIndex":2,"repoId":"main","readmeFile":"https://egg.l5.ca/w96/dist/w/win7/README.html","packageRoot":"https://egg.l5.ca/w96/dist/w/win7","zKeys":["README.txt","scripts/","scripts/install.js","scripts/repair.js","scripts/uninstall.js","unpack/","unpack/root/","unpack/root/system/","unpack/root/system/wallpapers/","unpack/root/system/wallpapers/Fibra_optica_en_la_calle.jpg","unpack/root/system/wallpapers/Img0_(Windows_7).jpg","unpack/root/system/wallpapers/Img0_(Windows_7_Starter).jpg","unpack/root/system/wallpapers/Img10_(Windows_7).jpg","unpack/root/system/wallpapers/Img11_(Windows_7).jpg","unpack/root/system/wallpapers/Img12_(Windows_7).jpg","unpack/root/system/wallpapers/Img13_(Windows_7).jpg","unpack/root/system/wallpapers/Img14_(Windows_7).jpg","unpack/root/system/wallpapers/Img15_(Windows_7).jpg","unpack/root/system/wallpapers/Img16_(Windows_7).jpg","unpack/root/system/wallpapers/Img17_(Windows_7).jpg","unpack/root/system/wallpapers/Img18_(Windows_7).jpg","unpack/root/system/wallpapers/Img19_(Windows_7).jpg","unpack/root/system/wallpapers/Img1_(Windows_7).jpg","unpack/root/system/wallpapers/Img20_(Windows_7).jpg","unpack/root/system/wallpapers/Img21_(Windows_7).jpg","unpack/root/system/wallpapers/Img22_(Windows_7).jpg","unpack/root/system/wallpapers/Img24_(Windows_7).jpg","unpack/root/system/wallpapers/Img25_(Windows_7).jpg","unpack/root/system/wallpapers/Img26_(Windows_7).jpg","unpack/root/system/wallpapers/Img27_(Windows_7).jpg","unpack/root/system/wallpapers/Img28_(Windows_7).jpg","unpack/root/system/wallpapers/Img29_(Windows_7).jpg","unpack/root/system/wallpapers/Img2_(Windows_7).jpg","unpack/root/system/wallpapers/Img30_(Windows_7).jpg","unpack/root/system/wallpapers/Img3_(Windows_7).jpg","unpack/root/system/wallpapers/Img4_(Windows_7).jpg","unpack/root/system/wallpapers/Img5_(Windows_7).jpg","unpack/root/system/wallpapers/Img6_(Windows_7).jpg","unpack/root/system/wallpapers/Img7_(Windows_7).jpg","unpack/root/system/wallpapers/Img8_(Windows_7).jpg","unpack/root/system/wallpapers/Img9_(Windows_7).jpg"]}