{"name":"winserver","friendlyName":"Windows Server Wallpaper Pack","description":"All the wallpapers from Windows Server!","author":"Microsoft","category":"other","version":1,"installedSize":2750000,"downloadSize":2690000,"feature_requirements":[],"min_os_version":300000,"max_os_version":999999999,"depends":["win10"],"iconFiles":{"32x32":"https://egg.l5.ca/w96/dist/w/winserver/icon32.png"},"repo":"https://egg.l5.ca/w96","repoIndex":2,"repoId":"main","readmeFile":"https://egg.l5.ca/w96/dist/w/winserver/README.html","packageRoot":"https://egg.l5.ca/w96/dist/w/winserver","zKeys":["README.txt","scripts/","scripts/install.js","scripts/repair.js","scripts/uninstall.js","unpack/","unpack/root/","unpack/root/system/","unpack/root/system/wallpapers/","unpack/root/system/wallpapers/1920x1200_(Windows_Server_2008_R2).jpg","unpack/root/system/wallpapers/Img0_(Windows_Server_2008_R2).jpg","unpack/root/system/wallpapers/MANAGEMENTSERVERWALLPAPER.JPG","unpack/root/system/wallpapers/MESSAGINGSERVERWALLPAPER.JPG","unpack/root/system/wallpapers/SECURITYSERVERWALLPAPER.JPG","unpack/root/system/wallpapers/SETUPWALLPAPER.JPG","unpack/root/system/wallpapers/Setup_background_(Windows_Server_2008_(Window)_&_2008_R2).png","unpack/root/system/wallpapers/Setup_background_(Windows_Server_2008_Setup).png","unpack/root/system/wallpapers/Windows_Home_Server.png","unpack/root/system/wallpapers/Windows_Server_2003.png","unpack/root/system/wallpapers/Windows_Server_2003_R2.jpg","unpack/root/system/wallpapers/Windows_Server_2008.jpg","unpack/root/system/wallpapers/Windows_Server_2012.jpg","unpack/root/system/wallpapers/Windows_Server_2012_R2.jpg","unpack/root/system/wallpapers/Windows_Unified_Data_Storage_Server_2003.png"]}