<?xml version="1.0" encoding="UTF-8"?>
<addon id="resource.uisounds.xb360" version="1.0.0" name="XBOX 360 NXE Sounds" provider-name="Banjo">
  <requires>
    <import addon="kodi.resource" version="1.0.0"/>
  </requires>
  <extension point="kodi.resource.uisounds"/>
  <extension point="kodi.addon.metadata">
    <summary lang="en">XBOX 360 NXE sounds</summary>
    <description lang="en">Sounds from the XBOX 360 NXE Dashboard.</description>
    <platform>all</platform>
	 <icon>icon.jpg</icon>
    <fanart>resources/fanart.jpg</fanart>
    <license>Apache License, Version 2.0</license>
  </extension>
</addon>
