{"name":"rrp","friendlyName":"RRP","description":"The PPP2 request-response protocol","author":"Onofficiel","category":"development","version":1,"installedSize":7489,"downloadSize":3001,"feature_requirements":[],"min_os_version":300000,"max_os_version":400000,"depends":[],"iconFiles":{"16x16":"https://onofficiel.github.io/w96/dist/rrp/icon16.png","32x32":"https://onofficiel.github.io/w96/dist/rrp/icon32.png"},"repo":"https://onofficiel.github.io/w96","repoIndex":1,"repoId":"onoff","readmeFile":"","packageRoot":"https://onofficiel.github.io/w96/dist/rrp","zKeys":["unpack/package_dir/main.js","unpack/package_dir/packet.js","unpack/package_dir/utils.js","unpack/root/system/local/lib/modules/rrp.json"]}