{"name":"font-roboto","friendlyName":"Roboto Fonts","description":"The Roboto font family fonts (TTF).","author":"Google (https://fonts.google.com/specimen/Roboto)","category":"other","version":1,"installedSize":2055148,"downloadSize":1116605,"feature_requirements":[],"min_os_version":300000,"max_os_version":999999999,"depends":[],"iconFiles":{"32x32":"https://packages.windows96.net/r3-main/dist/f/font-roboto/icon32.png"},"repo":"https://packages.windows96.net/r3-main","repoIndex":0,"repoId":"r3-main","readmeFile":"","packageRoot":"https://packages.windows96.net/r3-main/dist/f/font-roboto","zKeys":["README.txt","scripts/install.js","scripts/repair.js","scripts/uninstall.js","unpack/root/","unpack/root/system/","unpack/root/system/local/","unpack/root/system/local/share/","unpack/root/system/local/share/fonts/","unpack/root/system/local/share/fonts/Roboto-Black.ttf","unpack/root/system/local/share/fonts/Roboto-BlackItalic.ttf","unpack/root/system/local/share/fonts/Roboto-Bold.ttf","unpack/root/system/local/share/fonts/Roboto-BoldItalic.ttf","unpack/root/system/local/share/fonts/Roboto-Italic.ttf","unpack/root/system/local/share/fonts/Roboto-Light.ttf","unpack/root/system/local/share/fonts/Roboto-LightItalic.ttf","unpack/root/system/local/share/fonts/Roboto-Medium.ttf","unpack/root/system/local/share/fonts/Roboto-MediumItalic.ttf","unpack/root/system/local/share/fonts/Roboto-Regular.ttf","unpack/root/system/local/share/fonts/Roboto-Thin.ttf","unpack/root/system/local/share/fonts/Roboto-ThinItalic.ttf","unpack/root/system/local/share/licenses/","unpack/root/system/local/share/licenses/font-roboto/","unpack/root/system/local/share/licenses/font-roboto/LICENSE.txt"]}